{
	"AfscheidVan": {
		"Roepnaam": "Roepnaam",
		"Voornaam": "Voornaam",
		"Doopnamen": "Doopnaam1 Doopnaam2 Doopnaam3",
		"Achternaam": "Achternaam",
		"Naam": "{{AfscheidVan.Doopnamen}} {{AfscheidVan.Achternaam}}",
		"Geboortedatum": "01-02-1923",
		"Overlijdensdatum": "01-02-{{AfscheidVan.Overlijdensjaar}}",
		"Overlijdensjaar": "2023",
		"HijZij": "hij",
		"OpaOma": "{{AfscheidVan.HijZij=='hij' ? 'opa' : 'oma'}}",
		"PapaMama": "{{AfscheidVan.HijZij=='hij' ? 'papa' : 'mama'}}",
		"BroerZus": "{{AfscheidVan.HijZij=='hij' ? 'broer' : 'zus'}}",
		"ZoonDochter": "{{AfscheidVan.HijZij=='hij' ? 'zoon' : 'dochter'}}",
		"HemHaar": "{{AfscheidVan.HijZij=='hij' ? 'hem' : 'haar'}}",
		"ZijnHaar": "{{AfscheidVan.HijZij=='hij' ? 'zijn' : 'haar'}}",
		"ManVrouw": "{{AfscheidVan.HijZij=='hij' ? 'man':'vrouw'}}",
		"VaderMoeder": "{{AfscheidVan.HijZij=='hij' ? 'vader':'moeder'}}",
		"ZoonDochter": "{{AfscheidVan.HijZij=='hij' ? 'zoon' : 'dochter'}}",
		"InMemoriam": "-",
		"Kinderen": "Kind1, Kind2, en Kind3",
		"Kleinkinderen": "Kleinkind1, Kleinkind2, en Kleinkind3",
		"Partner": {
			"Roepnaam": "PartnerRoepnaam",
			"Voornaam": "PartnerVoornaam",
			"Doopnamen": "PartnerDoopnaam1 PartnerDoopnaam2 PartnerDoopnaam3",
			"Achternaam": "PartnerAchternaam",
			"Naam": "{{AfscheidVan.Partner.Doopnamen}} {{AfscheidVan.Partner.Achternaam}}",
			"Overlijdensdatum": "01-02-{{AfscheidVan.Partner.Overlijdensjaar}}",
			"Overlijdensjaar": "2021",
			"Verbintenisjaar": "1943",
			"Trouwjaar": "{{AfscheidVan.Partner.Verbintenisjaar}}",
			"HijZij": "zij",
			"OpaOma": "{{AfscheidVan.Partner.HijZij=='hij' ? 'opa' : 'oma'}}",
			"PapaMama": "{{AfscheidVan.Partner.HijZij=='hij' ? 'papa' : 'mama'}}",
			"BroerZus": "{{AfscheidVan.Partner.HijZij=='hij' ? 'broer' : 'zus'}}",
			"ZoonDochter": "{{AfscheidVan.Partner.HijZij=='hij' ? 'zoon' : 'dochter'}}",
			"HemHaar": "{{AfscheidVan.Partner.HijZij=='hij' ? 'hem' : 'haar'}}",
			"ZijnHaar": "{{AfscheidVan.Partner.HijZij=='hij' ? 'zijn' : 'haar'}}",
			"ManVrouw": "{{AfscheidVan.Partner.HijZij=='hij' ? 'man':'vrouw'}}",
			"VaderMoeder": "{{AfscheidVan.Partner.HijZij=='hij' ? 'vader':'moeder'}}",
			"ZoonDochter": "{{AfscheidVan.Partner.HijZij=='hij' ? 'zoon' : 'dochter'}}"	
		},
		"Afscheid": {
			"Koorzang": "Requiem Aeternam",
			"Openingslied": "{{AfscheidVan.Afscheid.Koorzang}}",
		  "WoordVanWelkom": "Nu wij hier samengekomen zijn vanwege de dood van {{AfscheidVan.Naam}} om te waken en te bidden, leeft in ons hart de vraag, waarom ....?\nWelke troost mogen wij verwachten en wat heeft God met dit sterven te maken.\n{{AfscheidVan.Roepnaam}} had de mond niet vol van God, {{AfscheidVan.HijZij}} zocht hem ook niet zozeer in het kerkgebouw.\nEr waren dringender zaken: het werk dat gedaan moest worden, mensen om van te houden.",
			"Openingsgebed": "{{Openingsgebeden[0].Openingsgebed}}",
			"AanstekenVanDePaaskaars": "{{Paaskaars[0].Paaskaars}}",
			"OntstekenVanHetLicht": "{{AfscheidVan.Afscheid.AanstekenVanDePaaskaars}}",
			"GebedOmVergeving": "{{Schuldbelijdenissen[0].Schuldbelijdenis}}",
			"OnzeVader": "{{Gebeden[0].Gebed}}",
			"WeesGegroet": "{{Gebeden[1].Gebed}}",
			"HeerGeef": "{{Gebeden[2].Gebed}}",
			"Kyrie": "{{Liederen[0].Lied}}",
			"InMemoriam": "-",
			"MomentVanStilte": "-",
			"EersteLezing": "{{Lezingen[0].Lezing}}",
			"EersteLied": "{{Liederen[2].Lied}}",
			"Evangelie": "{{Evangelien[0].Evangelie}}",
			"Overweging": "-",
			"Voorbeden": "{{Voorbeden[0].Gebed}}",
			"CollecteKaarsengeld": "-",
			"CollecteLied": "{{Liederen[3].Lied}}",
			"KlaarmakenVanDeAaltaartafelEnDeGavenCommuniegebed": "{{Tafelgebeden[0].Gebed}}",
			"GebedOverDeGaven": "{{Tafelgebeden[1].Gebed}}",
				"Prefatie": "{{Tafelgebeden[2].Gebed}}",
				"Sanctus": "{{Tafelgebeden[3].Gebed}}",
				"Tafelgebed": "-",
				"ZingenBiddenWijNuSamenHetOnzeVader": "{{Tafelgebeden[4].Gebed}}",
			"AgnusDei": "{{Liederen[1].Lied}}",
			"Communie": "{{Tafelgebeden[8].Gebed}}",
			"CommunieLied": "{{Liederen[4].Lied}}", 
			"Gedicht": "{{Gedichten[1].Gedicht}}",
			"Slotgebed": "{{Slotgebeden[0].Gebed}}",
			"Absoute": "{{Absoute[0].Absoute}}",
			"SlotLied": "{{Liederen[5].Lied}}",  
			"GedichtBinnenAchterzijde":"{{Gedichten[2].Gedicht}}"
		}
  }
}

