{
	"title": "Meta Schema",
	"type": "object",
	"definitions": {
		"schema" : {
			"title": "Schema Schema",
			"type": "object",
			"properties": {
				"url": {
					"type": "string"
				},
				"type": {},			
				"payload": {
					"type": "string"
				}
			}		
		},
		"templates" : {},
		"template" : {
			"title": "Template Schema",
			"type": "object",
			"properties": {
				"url": {
					"type": "string"
				},
				"type": {},			
				"payload": {
					"type": "string"
				}
			}
		},
		"content" : {
			"title": "Content Schema",
			"type": "object"		
		},
		"documentSchema" : {
			"title": "Document Schema",
			"type": "object",
			"properties": {
				"url": {
					"type": "string"
				},
				"type": {},			
				"payload": {
					"type": "string"
				}
			}		
		},
		"documentTemplate" : {
			"title": "Document Template Schema",
			"type": "object",
			"properties": {
				"url": {
					"type": "string"
				},
				"type": {},			
				"payload": {
					"type": "string"
				}
			}
		},
		"documentContent" : {
			"title": "Document Content Schema",
			"type": "object",
			"properties": {
				"url": {
					"type": "string"
				},
				"type": {},			
				"payload": {
					"type": "string"
				}
			}
		},
		"documents": {
			"title": "Documents Schema",
			"type": "object",
			"additionalProperties": {
					"$ref": "#/definitions/document"
			}
		},
		"document" : {
			"title": "Document Schema",
			"type": "object",
			"properties": {
				"schema": {
					"$ref": "#/definitions/documentSchema"
				},
				"template": {
					"$ref": "#/definitions/documentTemplate"
				},
				"content": {
					"$ref": "#/definitions/documentContent"
				}
			},
			"required": ["schema","template","content"],
			"additionalProperties": false		
		},
		"yesno": {
			"enum": [ "yes", "no" ]
		},
		"bool" : {
			"type": "boolean"
		}					
	},
	"properties": {
		"content" : {
			"$ref": "#/definitions/content"
		},
		"schema" : {},
		"templates" : {},
		"documents": {
			"$ref": "#/definitions/documents"
		},
		"yesno": {
			"type": "string",
			"enum": [ "yes", "no" ]
		},
		"bool" : {
			"$ref": "#/definitions/bool"
		}
	},	
	"required": ["content","schema","templates","documents"],
	"additionalProperties": false	
}
